SMILES,Predicted Value,Predicted prob
CC(C)c1cccc(c1)c2cccc3c2NC(=O)N(C3)C,0,0.30767807
CC(C)c1cccc(c1)c2cccnc2OC(F)F,0,0.046034608
Cc1c(ccc2n1ccn2)c3cccc(c3)C(C)C,1,0.558915
CC(C)c1cccc(c1)c2cc3cc[nH]c3nc2C(=O)OC,0,0.45191413
CC(C)c1cccc(c1)c2ccc3c(c2)CNC(=O)C3(C)C,1,0.7157979
CC(C)c1cccc(c1)c2ccc(=O)n(c2)CC3CC3,0,0.37265342
CC(C)c1cccc(c1)c2ccc(=O)n(c2)c3ccncc3,0,0.19055003
CC(C)c1cccc(c1)c2cc3cc[nH]c3c(c2)C(=O)N,1,0.5201813
CC(C)c1cccc(c1)c2cc3c(c(ccn3)OC)nc2,0,0.47957063
Cc1c(cnc2c1[nH]c(n2)C)c3cccc(c3)C(C)C,1,0.5583376
CC(C)c1cccc(c1)c2ccc3c(c2)c(c[nH]3)C[NH3+],0,0.19299304
CCOc1cc(cnc1F)c2cccc(c2)C(C)C,0,0.19387871
CC(C)c1cccc(c1)c2c3cc[nH]c3c(cn2)F,0,0.15763798
CC(C)c1cccc(c1)c2ccn(c(=O)c2)CC3CC3,1,0.5483532
CC(C)c1cccc(c1)c2ccc(=O)n(c2)CC(F)(F)F,1,0.640647
CC(C)c1cccc(c1)c2ccc3ccc(=O)n(c3c2)C,0,0.40453765
CC(C)c1cccc(c1)c2cccn(c2=O)CC3CC3,0,0.15649839
CC(C)c1cccc(c1)c2ccc(cc2)[C@H]3CCC(=O)N3,0,0.0688493
CC(C)c1cccc(c1)c2ccc(cc2)[C@@H]3CCC(=O)N3,0,0.072075464
CC(C)c1cccc(c1)c2cccc3c2n(cn3)C,0,0.27799684
CC(C)c1cccc(c1)c2cnccc2/C=C/[NH+](C)C,0,0.014298316
CC(C)c1cccc(c1)c2cc(c3nccn3c2)F,0,0.15572661
CC(C)c1cccc(c1)c2ccc(=O)n(c2)c3ccccn3,0,0.25903952
CC(C)c1cccc(c1)c2ccc(=O)n(c2)C3CCC3,0,0.363045
CC(C)c1cccc(c1)c2cccc3c2CNC(=O)N3C,0,0.29924178
CC(C)Cn1ccc(cc1=O)c2cccc(c2)C(C)C,0,0.17977302
CC(C)c1cccc(c1)c2cccc3c2C(C(=O)NC3)(C)C,1,0.5781746
Cc1c(cnc(n1)SC)c2cccc(c2)C(C)C,1,0.78916335
Cc1nc2cc(cnc2o1)c3cccc(c3)C(C)C,0,0.49558067
CC(C)c1cccc(c1)c2cccn(c2=O)c3ccccn3,0,0.1610063
CC(C)c1cccc(c1)c2ccn(c(=O)c2)c3cccnc3,0,0.25019002
CCOCc1cc(cnc1)c2cccc(c2)C(C)C,0,0.30158877
CC(C)c1cccc(c1)c2ccn(c(=O)c2)C3CCC3,0,0.47259927
Cc1cc(cc2c1OCC(=O)N2)c3cccc(c3)C(C)C,0,0.44109055
CC(C)c1cccc(c1)c2cccc(c2)Cn3ccnc3N,0,0.12581526
CC(C)c1cccc(c1)c2cn(c(=O)cn2)c3ccccc3,0,0.14155251
CCOC(=O)c1cc(c(cn1)c2cccc(c2)C(C)C)C,0,0.27200443
CC(C)c1cccc(c1)c2cc(=O)n(nc2)c3ccccc3,0,0.15170565
CC(C)c1cccc(c1)c2ccnc(c2)OC3CCOCC3,0,0.030416524
CC(C)c1cccc(c1)c2cccc3c2CCN(C3=O)C,1,0.6595164
CC(C)c1cccc(c1)c2cc(ccc2F)C(=O)N(C)C,0,0.39513463
Cc1c(ccc2c1NC(=O)CO2)c3cccc(c3)C(C)C,1,0.60826206
CCCOc1ccc(cc1)c2ccc3c(c2)[C@H](C(=O)N3)C,0,0.32160932
CCCOc1ccc(cc1)c2ccc3c(c2)[C@@H](C(=O)N3)C,0,0.2028829
CCCOc1ccc(cc1)c2c3cc[nH]c3nc(n2)C4CC4,0,0.16432501
CCCOc1ccc(cc1)c2c(cc3ccncc3n2)C,0,0.103100695
CCCOc1ccc(cc1)c2ccc3c(c2)NC(=O)CC3,1,0.6753626
CCCOc1ccc(cc1)c2ccccc2C(OC)OC,0,0.08673685
CCCOc1ccc(cc1)c2cc3c(cc2C)[nH]cn3,0,0.12005283
CCCOc1ccc(cc1)c2ccccc2C(C)(C)O,0,0.12676558
CCCOc1ccc(cc1)c2ccnc(n2)c3nccs3,0,0.083741285
CCCOc1ccc(cc1)c2c(nccn2)C(C)C,0,0.16261165
CCCOc1ccc(cc1)c2cc(c(cc2OC)C)OC,0,0.053175434
CCCOc1ccc(cc1)c2ccc3c(c2)[nH]c(n3)C,1,0.5850882
CCCOc1ccc(cc1)c2ccc3cnncc3c2,0,0.3210516
CCCOc1ccc(cc1)c2ccc3c(c2)ncn3C,0,0.43895286
CCCOc1ccc(cc1)c2ccnc(c2)N3CCCC3,0,0.058417626
CCCOc1ccc(cc1)c2cc(c(cc2OC)F)F,0,0.038511693
CCCOc1ccc(cc1)c2cccc3n2cc([nH+]3)C,0,0.07588089
CCCOc1ccc(cc1)c2cc3c(cc[nH]3)nc2,0,0.15702158
CCCOc1ccc(cc1)c2c(cccn2)C3CCOCC3,0,0.10125399
CCCOc1ccc(cc1)c2ccc3c(c2)CCC(=O)N3,1,0.8998474
CCCOc1ccc(cc1)c2cnc(c3c2cc[nH]3)OC,0,0.0430094
CCCOc1ccc(cc1)c2cc(ccn2)CSC,0,0.061719675
CCCOc1ccc(cc1)c2c(nccn2)O[C@H](C)CC,0,0.057138834
CCCOc1ccc(cc1)c2c(nccn2)O[C@@H](C)CC,0,0.038033087
CCCOc1ccc(cc1)c2nc(cc(n2)C(C)C)C,0,0.23501258
CCCOc1ccc(cc1)c2cnc3c(c2C)cc[nH]3,0,0.15561981
CCCOc1ccc(cc1)c2cccc3c2cncn3,0,0.08398082
CCCOc1ccc(cc1)c2c3c(ccn2)ccn3C,0,0.35193932
CCCOc1ccc(cc1)c2cccc(c2OC)F,0,0.057884276
CCCCc1cc(ncn1)c2ccc(cc2)OCCC,1,0.581607
CCCOc1ccc(cc1)c2cccc3c2COCC3,0,0.20900726
CCCOc1ccc(cc1)c2cc(cc(c2OC)F)F,0,0.04605226
CCCOc1ccc(cc1)c2ccc3c(c2)NC(=O)[C@@H]3C,0,0.48012537
CCCOc1ccc(cc1)c2ccc3c(c2)NC(=O)[C@H]3C,0,0.44277945
CCCOc1ccc(cc1)c2c(c(nc(n2)C3CC3)C)OC,0,0.37599513
CCCOc1ccc(cc1)c2cccc3c2nc[nH]3,0,0.026137035
CCCOc1ccc(cc1)c2cccc3c2nccn3,0,0.077720225
CCCOc1ccc(cc1)c2ccccc2CC(=O)OCC,0,0.25107762
CCCOc1ccc(cc1)c2cccc(n2)C3CC3,0,0.21442144
CCCOc1ccc(cc1)c2ccc(cc2)n3ccnc3,0,0.05579208
CCCOc1ccc(cc1)c2ccc(nn2)SC(C)C,0,0.13471375
CCCOc1ccc(cc1)c2ccc3c(c2)CCOC3,1,0.72704905
CCCOc1ccc(cc1)c2cc(c3c(c2)[nH]cn3)C,0,0.22831386
CCCOc1ccc(cc1)c2c3c(cccn3)cc(n2)C,1,0.5412498
CCCOc1ccc(cc1)c2cccc(c2)C3OCCO3,0,0.055752326
CCCOc1ccc(cc1)c2c(cccn2)C[NH+]3CCCC3,0,0.011436277
CCCOc1ccc(cc1)c2cccc(n2)COCC3CC3,0,0.12719406
CCCOc1ccc(cc1)c2ccnc(n2)c3cncs3,0,0.10094509
CCCOc1ccc(cc1)c2ccc3c(c2)c(ncn3)OC,1,0.51083827
CCCOc1ccc(cc1)c2c(cccn2)C(=O)OC(C)C,0,0.2577966
CCCOc1ccc(cc1)c2ccc(c(c2)C(=O)OC)F,0,0.23754257
CCCOc1ccc(cc1)c2cc(cnc2)SC,0,0.14526701
CCCOc1ccc(cc1)c2ccc(c(c2)F)NC(=O)C,0,0.2089848
CCCOc1ccc(cc1)c2c(cc3c(n2)cccn3)C,0,0.42416987
CCCOc1ccc(cc1)c2cc(ncn2)C3CCC3,0,0.2462442
CCCOc1ccc(cc1)c2cccc(c2)CNC(=O)CC,0,0.19868149
CCCOc1ccc(cc1)c2cc(ccc2NC(=O)C)F,0,0.19807886
CCCOc1ccc(cc1)c2cc(ccc2C)NC(=O)C,0,0.19101372
CCCOc1ccc(cc1)c2ccc(cn2)CSC,0,0.07679086
CCCOc1ccc(cc1)c2nc(cc(n2)CC)CC,0,0.08799345
CCCOc1ccc(cc1)c2ccc(c(c2)F)C(=O)OC,0,0.20153192
CCCOc1ccc(cc1)c2c(cccn2)OC(C)C,0,0.08590665
CCCOc1ccc(cc1)c2c3c(nc(n2)C4CC4)CCC3,1,0.8683018
CCCOc1ccc(cc1)c2cc3c(nn2)CC[C@H](C3)C,0,0.20743988
CCCOc1ccc(cc1)c2cc3c(nn2)CC[C@@H](C3)C,0,0.12916423
CCCOc1ccc(cc1)c2ccc3c(c2)COC3,0,0.37114525
CCCOc1ccc(cc1)c2c3c(nc(n2)C)CCCC3,1,0.72143346
CCCOc1ccc(cc1)c2c3ccccc3c(nn2)C,0,0.35123935
CCCOc1ccc(cc1)c2cc(ncn2)C(C)(C)C,0,0.2260882
CCCOc1ccc(cc1)c2c3c(c[nH]c3ncn2)SC,0,0.34378144
CCCOc1ccc(cc1)c2c3c(cc[nH]3)c(cn2)F,0,0.23723595
CCCOc1ccc(cc1)c2ccc(nn2)C3CCC3,0,0.2593422
CCCOc1ccc(cc1)c2c3c(cc(s3)C)ncn2,1,0.56919366
CCCOc1ccc(cc1)c2ccc(nn2)C(C)(C)C,0,0.21125829
CCCOc1ccc(cc1)c2c(c(ccn2)C)C(=O)OCC,0,0.14831738
CCCOc1ccc(cc1)c2cncc(n2)SCC,0,0.11648157
CCCOc1ccc(cc1)c2ccc3c(n2)cc(cn3)F,1,0.59506196
CCCOc1ccc(cc1)c2cc(cc[nH+]2)N3CCCC3,0,0.00569525
CCCOc1ccc(cc1)c2cc(nc(n2)C(C)C)C,0,0.28907958
CCCOc1ccc(cc1)c2c3c(ccn2)ncs3,0,0.08912039
CCCOc1ccc(cc1)c2c3ccncc3ccn2,1,0.5002647
CCCOc1ccc(cc1)c2c3c(cccc3OC)ncn2,1,0.63532174
CCCOc1ccc(cc1)c2c3c(cc[nH]3)c(cn2)OC,0,0.26000977
CCCOc1ccc(cc1)c2cc3c(cc[nH]3)c(n2)C,0,0.26197138
CCCOc1ccc(cc1)c2c3c(cc([nH]3)C)nc(n2)C,0,0.34099934
CCCc1cc(nc(n1)C)c2ccc(cc2)OCCC,0,0.3080399
CCCOc1ccc(cc1)c2c(cc(nn2)C)C(F)(F)F,1,0.5617083
CCCOc1ccc(cc1)c2c3c(c(c([nH]3)C)C)ncn2,1,0.5149732
CCCOc1ccc(cc1)c2c3ccn(c3ncn2)C(C)C,0,0.3713179
CCCOc1ccc(cc1)c2c(cccn2)C(F)F,0,0.11290557
CCCOc1ccc(cc1)c2c(cc(cn2)C(F)(F)F)N,0,0.3094745
CCCOc1ccc(cc1)c2ccc(cn2)COCC3CC3,0,0.07651973
CCCOc1ccc(cc1)c2ncc3cc(sc3n2)C,0,0.19072813
CCCOc1ccc(cc1)c2cccc(n2)SC,0,0.27544746
CCCOc1ccc(cc1)c2ccc(cn2)C[NH+]3CCCC3,0,0.01461015
CCCOc1ccc(cc1)c2cc(c3cc[nH]c3n2)C,0,0.05107986
CCCOc1ccc(cc1)c2cc(ccn2)SC,0,0.14148606
CCCOc1ccc(cc1)c2ccc3c(n2)scn3,0,0.42154828
CCCOc1ccc(cc1)c2c3c(cc[nH]3)c(cn2)C,0,0.23164335
CCCOc1ccc(cc1)c2ncc3cc(ccc3n2)F,0,0.21271293
CCCOc1ccc(cc1)c2ccc(cn2)C[NH+](C)C3CC3,0,0.022700364
CCCOc1ccc(cc1)c2cc(ncn2)CC(C)C,0,0.12433134
CCCOc1ccc(cc1)c2cc(ncn2)c3ccco3,0,0.12826794
CCCOc1ccc(cc1)c2nccc(n2)C(C)C,0,0.18551496
CCCOc1ccc(cc1)c2c(c(nc(n2)C3CC3)C)F,0,0.44003102
CCCOc1ccc(cc1)c2ccc(nn2)c3ccco3,0,0.13617025
CCCOc1ccc(cc1)c2c3ccccc3c(nn2)OC,0,0.46501637
CCCOc1ccc(cc1)c2cc(nc(n2)C3CC3)C,0,0.44461295
CCCOc1ccc(cc1)c2c(c(ccn2)SC)F,0,0.12407212
CCCOc1ccc(cc1)c2ccc(cn2)COC(C)C,0,0.10580074
CCCOc1ccc(cc1)c2cc3cc([nH]c3cn2)C,0,0.11950532
CCCOc1ccc(cc1)c2ncc3c(n2)c(cs3)C,0,0.30934626
Cc1cnc(c2c1cccc2)c3ccc(cc3)OCCOC,0,0.31515637
COCCOc1ccc(cc1)c2c3cccc(c3ccn2)F,0,0.106474824
COCCOc1ccc(cc1)c2c3ccccc3c(cn2)F,0,0.12727232
Cc1ccc2c(c1)ccc(n2)c3ccc(cc3)OCCOC,0,0.22960055
COCCOc1ccc(cc1)c2ccc3cc(ccc3n2)F,0,0.064072944
CC(C)(C)c1ccnc(c1)c2ccc(cc2)OCCOC,0,0.0136569515
COCCOc1ccc(cc1)c2c3ccc(cc3ccn2)F,0,0.09991966
Cc1cc2c(s1)ccnc2c3ccc(cc3)OCCOC,1,0.54675436
Cc1cc2ccccc2nc1c3ccc(cc3)OCCOC,0,0.27113658
Cc1ccc2ccnc(c2c1)c3ccc(cc3)OCCOC,0,0.24615166
Cc1cc2ccccc2c(n1)c3ccc(cc3)OCCOC,0,0.25617054
Cc1ccc2cc(ncc2c1)c3ccc(cc3)OCCOC,0,0.31815773
Cc1cccc2c1nc(cc2)c3ccc(cc3)OCCOC,0,0.26674384
COCCOc1ccc(cc1)c2cc3cc(ccc3cn2)F,0,0.087568775
COCCOc1ccc(cc1)c2ccc3cccc(c3n2)F,0,0.07101631
Cc1ccc2c(c1)ccnc2c3ccc(cc3)OCCOC,0,0.42558676
Cc1csc2c1nc(cc2)c3ccc(cc3)OCCOC,0,0.34368598
Cc1cccc2c1ccnc2c3ccc(cc3)OCCOC,0,0.39939395
COCCOc1ccc(cc1)c2c3cc(ccc3ccn2)F,0,0.09603183
COCCOc1ccc(cc1)c2ccc3ccc(cc3n2)F,0,0.065326326
COCCOc1ccc(cc1)c2cc3ccc(cc3cn2)F,0,0.08964401
Cc1cccc2c1c(ncc2)c3ccc(cc3)OCCOC,0,0.37949258
Cc1cc(cc(c1c2ccc(cc2)OCCOC)C)F,0,0.015828378
CCCOc1ccc(cc1)c2ccc3c(c2)ccnn3,0,0.39615753
CCCOc1ccc(cc1)c2cncc3c2[nH]cc3,0,0.025749959
CCCOc1ccc(cc1)c2cccc3c2ncnc3,0,0.044230174
CCCOc1ccc(cc1)c2ccc(c(c2)NC(=O)C)C,0,0.27339134
CCCOc1ccc(cc1)c2ccc3c(c2)NC(=O)N(C3)C,1,0.6010058
CCCOc1ccc(cc1)c2ccc3c(c2)C4(CC4)C(=O)N3,1,0.858081
CCCOc1ccc(cc1)c2cccc(c2OC)C,0,0.08821542
CCCOc1ccc(cc1)c2cccc3c2ncn3C,0,0.20570463
CCCOc1ccc(cc1)c2cc3c(c(c2)F)nccn3,0,0.2810614
CCCOc1ccc(cc1)c2cc3c(nc2)CCC3,1,0.82909703
CCCOc1ccc(cc1)c2cccc3c2C4(CC4)C(=O)N3,1,0.7647684
CCCOc1ccc(cc1)c2ccc3c(cc[nH+]c3c2)N,0,0.05946028
CCCOc1ccc(cc1)c2ccc(cc2C)NC(=O)C,0,0.22776558
CCCOc1ccc(cc1)c2cccc3c2cno3,0,0.083140284
CCCOc1ccc(cc1)c2cccc3c2cnnc3,0,0.05065777
CCCOc1ccc(cc1)c2ccc(cc2)C3(CCC3)[NH3+],0,0.43570575
CCCOc1ccc(cc1)c2ccc3c(c2)sc(n3)N,1,0.7376847
CCCOc1ccc(cc1)c2cc(cc3c2nccn3)F,0,0.14932197
CCCOc1ccc(cc1)c2cc3c(nc2)scn3,1,0.51653737
CCCOc1ccc(cc1)c2cc3cccnc3nc2,0,0.34686074
CCCOc1ccc(cc1)c2cc(cnc2C)C(=O)OCC,0,0.27191913
CCCOc1ccc(cc1)c2cccc(c2)C3(OCCO3)C,0,0.37294263
CCCOc1ccc(cc1)c2ccc3c(c2)cncn3,0,0.31688547
CCCOc1ccc(cc1)c2cncnc2C(C)(C)C,0,0.11579738
CCCOc1ccc(cc1)c2ccc3nnc(n3c2)C(C)C,1,0.5061297
CCCOc1ccc(cc1)c2cc3c(cco3)nc2,0,0.4632525
CCCOc1ccc(cc1)c2cc(c3c(c2)CCC(=O)N3)C,1,0.6951138
CCCOc1ccc(cc1)c2cccc3c2CCC(=O)N3,1,0.6950606
CCCOc1ccc(cc1)c2cc3c(cc2OC)nc[nH]3,0,0.06577256
CCCOc1ccc(cc1)c2cc(c3nccn3c2)C,0,0.2074125
CCCOc1ccc(cc1)c2ccn(c(=O)c2)C3CCC3,1,0.60391945
CCCOc1ccc(cc1)c2c(cccn2)C3CC3,0,0.054109354
CC(C)(C)c1ccc(nc1)c2ccc(cc2)OCCOC,0,0.0203894
CCCOc1ccc(cc1)c2cccc(c2)OC(=O)C,0,0.3333364
CCCOc1ccc(cc1)c2ccc3c(c2)ocn3,0,0.24502978
CCCOc1ccc(cc1)c2cccc3c2NC(=O)C34CC4,0,0.06640746
CCCOc1ccc(cc1)c2ccc3c(c2C)nc[nH]3,0,0.07417221
CCCOc1ccc(cc1)c2cc(ccc2NC(=O)C)C,0,0.2088739
CCCOc1ccc(cc1)c2ccc3c(c2)NC(=O)C34CC4,0,0.19505475
CCCOc1ccc(cc1)c2cccc3c2C(C(=O)N3)(C)C,1,0.5976399
CCCOc1ccc(cc1)c2cc3c(c[nH]c3nc2)F,0,0.09835561
CCCOc1ccc(cc1)c2cn3ccnc3cc2C,0,0.27854428
CCCOc1ccc(cc1)c2ccccc2CCC(=O)OC,0,0.26079273
CCCOc1ccc(cc1)c2ccccc2C3OCCO3,0,0.05502164
CCCOc1ccc(cc1)c2cc(cnc2)C[NH+]3CCCC3,0,0.016945522
CCCOc1ccc(cc1)c2ccc3c(c2)ccc(n3)N,1,0.7082729
CCCOc1ccc(cc1)c2cc3cnccc3nc2,0,0.36819637
CCCOc1ccc(cc1)c2ccc(cc2)[C@@H]3CC[NH2+]C3,0,0.03526477
CCCOc1ccc(cc1)c2ccc(cc2)[C@H]3CC[NH2+]C3,0,0.03231989
CCCOc1ccc(cc1)c2c(cccc2OC)C,0,0.07084418
CCCOc1ccc(cc1)c2ccc(nc2)C(F)F,0,0.26524085
CCCOc1ccc(cc1)c2ccc3cnc(nc3c2)C,0,0.4737731
CCCOc1ccc(cc1)c2ccccc2C3(CC3)[NH3+],0,0.32101744
CCCOc1ccc(cc1)c2ccnc3c2cc([nH]3)C,0,0.056329817
CCCOc1ccc(cc1)c2ccc(c(c2)C[NH+](C)C)OC,0,0.023369802
CCCOc1ccc(cc1)c2cc(cnc2)C(F)F,0,0.16426508
CCCOc1ccc(cc1)c2cccc(c2)C3(CCC3)[NH3+],0,0.44691813
CCCOc1ccc(cc1)c2ccc3c(c2)ccc(=O)o3,1,0.58268327
CCCOc1ccc(cc1)c2ccnc3c2ccn3C,0,0.20784779
CCCOc1ccc(cc1)c2cccc3c2CN(C(=O)N3)C,0,0.3329344
CCCOc1ccc(cc1)c2ccc3c(c2)cno3,0,0.4512733
CCCOc1ccc(cc1)c2cccnc2C(F)F,0,0.07617914
CCCOc1ccc(cc1)c2ccnc(c2)C3CC3,0,0.17512956
CCCOc1ccc(cc1)c2cccc(c2)C3(CC3)[NH3+],0,0.3676824
CCCOc1ccc(cc1)c2cccc(c2)C(C)(C)[NH3+],0,0.124983534
CCCOc1ccc(cc1)c2cc3c(cc2F)[nH]cn3,0,0.083152525
COCCOc1ccc(cc1)c2cc3ccc(cc3nc2)F,0,0.089961335
Cc1c[nH]c2c1cc(cc2)c3ccc(cc3)OCCOC,0,0.24562995
CCc1cc2c(o1)ccnc2c3ccc(cc3)OCCOC,0,0.19015251
CCCOc1ccc(cc1)c2cc3ccoc3nc2,0,0.29227626
CCCOc1ccc(cc1)c2ccc3cnoc3c2,0,0.30086756
CCCOc1ccc(cc1)c2ccc3c(c2)C(C(=O)N3)(C)C,1,0.6647748
CCCOc1ccc(cc1)c2ccc(nc2)OC(F)F,0,0.16096655
CCCOc1ccc(cc1)c2ccnc(c2)OC(F)F,0,0.12817438
Cc1ccc2cc(ccc2n1)c3ccc(cc3)OCCOC,0,0.2583864
CCCOc1ccc(cc1)c2cccnc2OC(F)F,0,0.067355044
CCCOc1ccc(cc1)c2ccc(cc2)C3(CC3)[NH3+],0,0.3550696
CCCOc1ccc(cc1)c2cnc3c(c2F)cc[nH]3,0,0.054791544
CCCOc1ccc(cc1)c2cc(ccc2F)NC(=O)C,0,0.14543422
CCCOc1ccc(cc1)c2cccc3c2nsn3,0,0.097088285
CCCOc1ccc(cc1)c2ccc(cc2)OCOC,0,0.045931228
CCCOc1ccc(cc1)c2ccc3c(c2)CCN3C(=O)C,1,0.81131387
CCCOc1ccc(cc1)c2c(cc(nc2C)OC)C,0,0.14289597
CCCOc1ccc(cc1)c2ccc(cn2)SC,0,0.17821029
CCCOc1ccc(cc1)c2cncc(c2CC)F,0,0.11533124
CCCOc1ccc(cc1)c2cc(c(nc2)C)C(=O)OCC,0,0.31830302
CCCOc1ccc(cc1)c2ccc(c(c2C)OC)OC,0,0.06895688
CCCOc1ccc(cc1)c2ccnc(c2)C(F)F,0,0.2228101
CCCOc1ccc(cc1)c2ccc3c(c2)CC[NH+](C3)C,0,0.3513543
CCCOc1ccc(cc1)c2ccc3c(c2)CCCC(=O)N3,1,0.9320746
CCCOc1ccc(cc1)c2cccc3c2onc3,0,0.055784363
CCCOc1ccc(cc1)c2ccc(cc2)C[NH+]3CCC3,0,0.0137014715
CCCOc1ccc(cc1)c2ccc(cc2)[C@H](C)C(=O)OC,0,0.073595144
CCCOc1ccc(cc1)c2ccc(cc2)[C@@H](C)C(=O)OC,0,0.062373094
CCCOc1ccc(cc1)c2cccc3c2ncc(c3)N,0,0.34230515
CCCOc1ccc(cc1)c2ccc(cc2OC)C,0,0.08095517
CCCOc1ccc(cc1)c2ccc(cc2)C(C)(C)[NH3+],0,0.11466776
COCCOc1ccc(cc1)c2cc3cc(ccc3nc2)F,0,0.08754687
CCCOc1ccc(cc1)c2cccc(c2)C3COC3,0,0.09253981
CCCOc1ccc(cc1)c2ccc3c(c2)SCC(=O)N3,1,0.84928983
CCCOc1ccc(cc1)c2c3c(cc[nH]3)cnc2OC,0,0.20695195
CCCOc1ccc(cc1)c2cc(ccc2OCOC)C,0,0.046950694
CCCOc1ccc(cc1)c2ccccc2OCC[NH+](C)C,0,0.059815876
CCCOc1ccc(cc1)c2ccc(c(c2)C)NC(=O)C,0,0.1963085
COCCOc1ccc(cc1)c2ccccc2C=C,0,0.043317717
CCCOc1ccc(cc1)c2ccc(cc2F)NC(=O)C,0,0.16551448
CCCOc1ccc(cc1)c2cncc3c2cc[nH]3,0,0.021706834
CCCOc1ccc(cc1)c2ccc(cc2)c3nnco3,0,0.13764584
CCCOc1ccc(cc1)c2cccc3c2nc([nH]3)C,0,0.077344604
CCCOc1ccc(cc1)c2ccccc2Cn3ccnc3,0,0.03988829
CCCOc1ccc(cc1)c2cccc(c2C(=O)OC)F,0,0.28999227
CCCOc1ccc(cc1)c2cc3c(nc2)sc(n3)C,1,0.73006415
CCCOc1ccc(cc1)c2ccc3c(c2)nsn3,0,0.22900154
CCCOc1ccc(cc1)c2ccc3ccc(=O)oc3c2,1,0.676154
CCCOc1ccc(cc1)c2ccc(cc2F)COC,0,0.029074127
CCCOc1ccc(cc1)c2ccc(cc2)S(=N)(=O)C,0,0.36252716
CCCOc1ccc(cc1)c2ccc(cc2)S(=N)(=O)C,0,0.36252716
CCCOc1ccc(cc1)c2ccc3cc(cnc3c2)N,0,0.47345537
CCCOc1ccc(cc1)c2ccc3ccnnc3c2,0,0.31533864
[H]/N=C(\c1cccc(c1)c2ccc(cc2)OCCC)/OC,0,0.008161106
[H]/N=C(/c1cccc(c1)c2ccc(cc2)OCCC)\OC,0,0.031732973
CCCOc1ccc(cc1)c2cccn(c2=O)C3CCC3,0,0.16613674
CCCOc1ccc(cc1)c2ccc(cc2)C3OCCO3,0,0.04936775
CCCOc1ccc(cc1)c2cc3c(ccn3C)nc2,1,0.6092463
CCCOc1ccc(cc1)c2cccc3c2nc(cc3)N,0,0.33957866
COCCOc1ccc(cc1)c2ccnc3c2cc(cc3)F,0,0.08407837
CCCOc1ccc(cc1)c2ccc3c(c2)nco3,0,0.2554842
COCCOc1ccc(cc1)c2ccnc3c2ccc(c3)F,0,0.09274463
CCCOc1ccc(cc1)c2cc(ccc2F)COC,0,0.026745483
CCCOc1ccc(cc1)c2ccc(cc2)N3CCCC3=O,0,0.08230952
CCCOc1ccc(cc1)c2cccc3c2nco3,0,0.06758535
CCCOc1ccc(cc1)c2ccc(c(c2)NC(=O)C)OC,0,0.14553404
Cc1ccc2cnccc2c1c3ccc(cc3)OCCOC,0,0.34386206
COCCOc1ccc(cc1)c2ccccc2SC,0,0.0392257
CCCOc1ccc(cc1)c2cc(cnc2)C[NH+](CC)CC,0,0.023495607
Cc1cncc2c1c(ccc2)c3ccc(cc3)OCCOC,0,0.41330191
COCCOc1ccc(cc1)c2ccc(cc2)c3ccno3,0,0.04302517
Cc1ccc(c2c1cccn2)c3ccc(cc3)OCCOC,0,0.13450444
Cc1nc2ccc(cc2s1)c3ccc(cc3)OCCOC,0,0.22467086
Cc1ccc2cncc(c2c1)c3ccc(cc3)OCCOC,0,0.25966313
COCCOc1ccc(cc1)c2cccc3c2occ3,0,0.016942728
CCCOc1ccc(cc1)c2cc(c(nc2)C(=O)OCC)C,0,0.45816204
CCCOc1ccc(cc1)c2ccc3c(c2)COCC3,1,0.7311762
CCCOc1ccc(cc1)c2cc(cn3c2ncc3)C,0,0.13319044
CCCOc1ccc(cc1)c2cccc(c2F)C(=O)OC,0,0.23670398
CCCOc1ccc(cc1)c2cccc3c2NC(=O)CC3,0,0.22160992
CCCOc1ccc(cc1)c2ccc(cc2)C3(COC3)C,1,0.51597583
CCCOc1ccc(cc1)c2cccc3c2oc(=O)cc3,0,0.36798784
CCCOc1ccc(cc1)c2ccc(c(c2)OC)NC(=O)C,0,0.18723302
CCCOc1ccc(cc1)c2ccc3[nH+]c(cn3c2)C,0,0.28274867
CCCOc1ccc(cc1)c2cccc3c2ocn3,0,0.08239107
CCCOc1ccc(cc1)c2c(cc(cc2F)OC)OC,0,0.028502254
CCCOc1ccc(cc1)c2cc3cc[nH]c3nc2C,0,0.18530121
CCCOc1ccc(cc1)c2cncc3c2nccc3,0,0.046201
CCCOc1ccc(cc1)c2cc(c(nc2)F)OC(C)C,0,0.26786867
CCCOc1ccc(cc1)c2ccc(cc2)Cn3ccnc3,0,0.05600441
CCCOc1ccc(cc1)c2cccc(c2)NC(=O)OC,0,0.12888955
COCCOc1ccc(cc1)c2ccc(cc2)c3ccon3,0,0.051021695
CCCOc1ccc(cc1)c2ccc(=O)n(c2)CC3CCC3,1,0.65437335
CCCOc1ccc(cc1)c2ccnc3c2cccn3,0,0.08531028
CCCOc1ccc(cc1)c2ccc3c(c2F)nc[nH]3,0,0.04227847
CCCOc1ccc(cc1)c2ccc(c(c2)COC)F,0,0.08219894
CC(c1ccc(cc1)c2ccc(cc2)OCCOC)(F)F,0,0.028217008
CCCOc1ccc(cc1)c2ccc(nc2C)C(=O)OCC,0,0.35032713
CCCOc1ccc(cc1)c2cccc3c2COC3,0,0.120561615
CCCOc1ccc(cc1)c2ccccc2C3(CCC3)[NH3+],0,0.38039213
Cc1ccc2c(cccc2n1)c3ccc(cc3)OCCOC,0,0.23657471
CCCOc1ccc(cc1)c2ccc3nnc(n3c2)C4CC4,0,0.28878888
COCCOc1ccc(cc1)c2cccc(c2)C=C,0,0.031589318
CCCOc1ccc(cc1)c2cnc(nc2)C(C)(C)C,0,0.35022196
CCCOc1ccc(cc1)c2ccc3c(c2)NC(=O)C3(C)C,1,0.6936926
Cc1cc(c(cc1C)c2ccc(cc2)OCCOC)C,0,0.018053642
CCCOc1ccc(cc1)c2ccccc2C(C)(C)[NH3+],0,0.08698078
CCCOc1ccc(cc1)c2cc3c(c(c2)F)nc[nH]3,0,0.062777735
COCCOc1ccc(cc1)c2cc3cccnc3c(c2)F,0,0.13284262
CCCOc1ccc(cc1)c2ccc(cn2)C(F)F,0,0.19562347
COCCOc1ccc(cc1)c2cccc(c2)OC3CCC3,0,0.008430917
COCCOc1ccc(cc1)c2ccccc2OC3CCC3,0,0.01407603
COCCOc1ccc(cc1)c2c(ccc3c2nccc3)F,0,0.044397444
COCCOc1ccc(cc1)c2ccc(c3c2ccnc3)F,0,0.05281141
COCCOc1ccc(cc1)c2cc(cc3c2nccc3)F,0,0.05252433
Cc1ccc(c2c1nccc2)c3ccc(cc3)OCCOC,0,0.27513564
COCCOc1ccc(cc1)c2cccc(c2)c3ncco3,0,0.038563173
Cc1c(c(cc(c1F)F)c2ccc(cc2)OCCOC)F,0,0.02935389
Cc1c(ccc2c1nccc2)c3ccc(cc3)OCCOC,0,0.219259
COCCOc1ccc(cc1)c2ccccc2c3ncco3,0,0.020710627
Cc1ccc2c(c1c3ccc(cc3)OCCOC)cc[nH]2,0,0.1257937
Cc1cc(c2cc[nH]c2c1)c3ccc(cc3)OCCOC,0,0.062355634
Cc1cc(c2cccnc2c1)c3ccc(cc3)OCCOC,0,0.2158415
COCCOc1ccc(cc1)c2cccc(c2)C3CC3,0,0.01829514
Cc1ccc2cccnc2c1c3ccc(cc3)OCCOC,0,0.30813223
Cc1cc(c2ccccc2n1)c3ccc(cc3)OCCOC,0,0.17011584
Cc1cc(ncc1c2cc(ccn2)c3ccccc3)OC,0,0.16196136
Cc1cc(cc(c1c2ccc(cc2)OCCOC)C)OC,0,0.014671448
COCCOc1ccc(cc1)c2cc(ccc2C=C)F,0,0.024356663
COCCOc1ccc(cc1)c2ccccc2c3cnco3,0,0.018835425
CCSc1ccc(cc1)c2ccc(cc2)OCCOC,0,0.014565041
Cc1cc2ccc(cc2[nH]1)c3ccc(cc3)OCCOC,0,0.03213433
Cc1nc2cc(ccc2s1)c3ccc(cc3)OCCOC,0,0.20836914
Cc1ccc(c2c1cc[nH]2)c3ccc(cc3)OCCOC,0,0.043778848
Cc1c(c(ccc1c2ccc(cc2)OCCOC)OC)C,0,0.01389551
CC(C)Oc1ccccc1c2ccc(cc2)OCCOC,0,0.006755431
Cc1cc2cc[nH]c2cc1c3ccc(cc3)OCCOC,0,0.071060576
Cc1ccnc2c1cc(cc2)c3ccc(cc3)OCCOC,0,0.43356794
COCCOc1ccc(cc1)c2cccc3c2cco3,0,0.01791915
COCCOc1ccc(cc1)c2ccc(cc2)c3cnco3,0,0.031867087
COCCOc1ccc(cc1)c2ccc(cc2)c3ncco3,0,0.032448545
COCCOc1ccc(cc1)c2ccc(cc2)C=C,0,0.027122907
Cc1ccnc2c1ccc(c2)c3ccc(cc3)OCCOC,0,0.43115196
Cc1cc(ncc1c2ccc(cn2)c3ccccc3)OC,0,0.19635658
COCCOc1ccc(cc1)c2ccc(c3c2occ3)F,0,0.04391007
COCCOc1ccc(cc1)c2ccc(cc2)C3CC3,0,0.01584998
CCc1nc2cc(ccc2o1)c3ccc(cc3)OCCOC,0,0.12554802
CC(c1ccccc1c2ccc(cc2)OCCOC)(F)F,0,0.02957973
COCCOc1ccc(cc1)c2cccc(c2)c3cnco3,0,0.038302183
Cc1c[nH]c2c1ccc(c2)c3ccc(cc3)OCCOC,0,0.2490609
Cc1c[nH]c2c1c(ccc2)c3ccc(cc3)OCCOC,0,0.23488727
Cc1c[nH]c2c1cccc2c3ccc(cc3)OCCOC,0,0.20288287
COCCOc1ccc(cc1)c2cc3cccnc3cc2F,0,0.081791885
Cc1c([nH]c2c1cc(cc2)c3ccc(cc3)OCCOC)C,0,0.23559281
COCCOc1ccc(cc1)c2ccc3ccoc3c2,0,0.099375285
Cc1ccc2ccc(cc2n1)c3ccc(cc3)OCCOC,0,0.27474493
Cc1ccc2c(c1)c(ccn2)c3ccc(cc3)OCCOC,0,0.17312998
COCCOc1ccc(cc1)c2ccc(c3c2nccc3)F,0,0.062388506
Cc1cc2c(cccc2[nH]1)c3ccc(cc3)OCCOC,0,0.024965603
COCCOc1ccc(cc1)c2cccc3c2ncc(c3)F,0,0.113813356
Cc1cc2cccnc2c(c1)c3ccc(cc3)OCCOC,0,0.21092865
COCCOc1ccc(cc1)c2ccc(c3c2cccn3)F,0,0.055908125
CCCOc1ccc(cc1)c2cc(c(nc2)OC)C(F)F,0,0.26759678
CCCOc1ccc(cc1)c2cc(nc3c2cc[nH]3)OC,0,0.047991447
CCCOc1ccc(cc1)c2ccc(cc2C[NH+](C)C)OC,0,0.018234365
CCCOc1ccc(cc1)c2ccc(c(c2OC)F)OC,0,0.058929045
CCCOc1ccc(cc1)c2cnc(nc2C(F)(F)F)C,0,0.38478288
CCCOc1ccc(cc1)c2ccc3c(c2)c(c[nH]3)C[NH3+],0,0.1991407
CCCOc1ccc(cc1)c2cc(c(cc2F)OC)OC,0,0.031599514
CCCOc1ccc(cc1)c2cc3cn[nH]c3nc2,0,0.24454011
CCCOc1ccc(cc1)c2cc3c(c(ccn3)OC)nc2,1,0.5041123
CCCOc1ccc(cc1)c2cnc(cc2C)C(=O)OCC,0,0.33360526
CCCOc1ccc(cc1)c2cnccc2/C=C/[NH+](C)C,0,0.015766934
COCCOc1ccc(cc1)c2ccccc2C3CC3,0,0.023759121
Cc1cc2c(cccn2)cc1c3ccc(cc3)OCCOC,0,0.19929722
COCCOc1ccc(cc1)c2cc(cc(c2)SC)F,0,0.03575622
COCCOc1ccc(cc1)c2ccc3cc(cnc3c2)F,0,0.09850637
COCCOc1ccc(cc1)c2cc3cnccc3cc2F,0,0.09186773
Cc1cc(c(c(c1c2ccc(cc2)OCCOC)C)F)C,0,0.019065185
COCCOc1ccc(cc1)c2cc3cccc(c3nc2)F,0,0.09702484
Cc1c(c(ccc1c2ccc(cc2)OCCOC)F)C,0,0.012505501
Cc1nc2cccc(c2s1)c3ccc(cc3)OCCOC,0,0.23826246
COCCOc1ccc(cc1)c2cncc3c2cccc3F,0,0.029988289
CCCOc1ccc(cc1)c2ccc(=O)n(c2)C3CCC3,0,0.4312333
Cc1cc(ncc1c2c3cc(sc3ncn2)C(C)C)OC,1,0.54150397
CCCOc1ccc(cc1)c2cccc(c2C)NC,0,0.061104245
CCCOc1ccc(cc1)c2ccc3c(c2C)nnn3CC,0,0.3171579
Cc1cccc2c1nc(cc2C)c3cnc(cc3C)OC,0,0.42188475
CCCOc1ccc(cc1)c2ccc(cc2)[C@H]3CCC(=O)N3,0,0.07698131
CCCOc1ccc(cc1)c2ccc(cc2)[C@@H]3CCC(=O)N3,0,0.07740209
CCCOc1ccc(cc1)c2ccc(c(c2OC)OC)F,0,0.0634102
CCCOc1ccc(cc1)c2cc(cnc2)COCC,0,0.04372933
CCCOc1ccc(cc1)c2ccc3nccn3c2C,0,0.33899933
CCCOc1ccc(cc1)c2cnc(nc2)C(C)C,0,0.2432195
COCCOc1ccc(cc1)c2cc(cc(c2)F)C(F)F,0,0.049977057
CCCOc1ccc(cc1)c2ccc(c(c2)OCOC)F,0,0.06907007
Cc1cc2c(cc[nH]2)cc1c3ccc(cc3)OCCOC,0,0.088389196
Cc1c(ccc2c1[nH]cc2)c3ccc(cc3)OCCOC,0,0.044886302
COCCOc1ccc(cc1)c2cc3c(cccc3F)nc2,0,0.21541865
CCCOc1ccc(cc1)c2ccc(c(c2OC)F)F,0,0.05425755
CCCOc1ccc(cc1)c2cccc(c2)[C@H](C)C(=O)OC,0,0.07544971
CCCOc1ccc(cc1)c2cccc(c2)[C@@H](C)C(=O)OC,0,0.06368205
CCCOc1ccc(cc1)c2cnc3c(c2C)[nH]c(n3)C,1,0.62025815
CCCOc1ccc(cc1)c2ccc(cc2COC)OC,0,0.041839
CCCOc1ccc(cc1)c2cnccc2C[NH+](CC)CC,0,0.020863766
Cc1cncc2c1cccc2c3ccc(cc3)OCCOC,0,0.49446744
CC(C)(C)c1ccc(cn1)c2ccc(cc2)OCCOC,0,0.012652656
COCCOc1ccc(cc1)c2cc(ccc2SC)F,0,0.02143438
Cc1cc(cc2c1nccc2)c3ccc(cc3)OCCOC,0,0.25840482
CC(C)(C)c1cccc(n1)c2ccc(cc2)OCCOC,0,0.017719408
COCCOc1ccc(cc1)c2cncc3c2ccc(c3)F,0,0.092188634
CCc1cccc(c1c2ccc(cc2)OCCOC)C,0,0.048081644
COCCOc1ccc(cc1)c2ccnc3c2cccc3F,0,0.030392477
Cc1coc2c1cc(cc2)c3ccc(cc3)OCCOC,0,0.03978288
COCCOc1ccc(cc1)c2ccc(cc2)OC3CCC3,0,0.0075006466
COCCOc1ccc(cc1)c2cccc(c2SC)F,0,0.030866629
CCCOc1ccc(cc1)c2c3cc[nH]c3c(cn2)F,0,0.18340118
CCCOc1ccc(cc1)c2ccc3c(c2)NC(=S)C3,1,0.5904122
CCCOc1ccc(cc1)c2c(cnc3c2cc[nH]3)C,0,0.037492752
CCCOc1ccc(cc1)c2ccc(cc2)C(OC)OC,0,0.20536
CCCOc1ccc(cc1)c2cccc3c2NC(=O)N(C3)C,0,0.32762817
CCCOc1ccc(cc1)c2ccncc2SC,0,0.13870373
Cc1nc2c(cccc2s1)c3ccc(cc3)OCCOC,0,0.1949494
COCCOc1ccc(cc1)c2ccc(c(c2)F)SC,0,0.04874153
COCCOc1ccc(cc1)c2ccc(cc2F)SC,0,0.02082237
CC(C)(C)c1cc(ccn1)c2ccc(cc2)OCCOC,0,0.008749336
Cc1cc(cc(c1c2ccc(cc2)OCCOC)C)N(C)C,0,0.063395694
Cc1cc(cc2c1cc[nH]2)c3ccc(cc3)OCCOC,0,0.03886159
Cc1ccc(c(c1)SC)c2ccc(cc2)OCCOC,0,0.06344358
Cc1ccc(c2c1[nH]cc2)c3ccc(cc3)OCCOC,0,0.052922852
COCCOc1ccc(cc1)c2cccc(c2F)SC,0,0.023557633
COCCOc1ccc(cc1)c2ccc(cc2C=C)F,0,0.027466558
CCCOc1ccc(cc1)c2c(cc(nc2C)C)C,0,0.103871375
CCCOc1ccc(cc1)c2ccc3c(c2)C(=O)NC3(C)C,1,0.6027591
CCCOc1ccc(cc1)c2cc(cnc2)c3ncco3,0,0.110014394
CCCOc1ccc(cc1)c2cccc3c2n(cn3)C,0,0.32565644
CCCOc1ccc(cc1)c2cc(c(nc2)F)OCC,0,0.12154174
Cc1cccc2c1nccc2c3ccc(cc3)OCCOC,0,0.38088956
Cc1cc(ccc1c2ccc(cc2)OCCOC)SC,0,0.032324146
COCCOc1ccc(cc1)c2ccc3c(c2)cc(cn3)F,0,0.2595847
COCCOc1ccc(cc1)c2cccc(c2)CSC,0,0.02444746
Cc1cc2cc(ccc2[nH]1)c3ccc(cc3)OCCOC,0,0.028178876
COCCOc1ccc(cc1)c2c3c(cccc3F)ccn2,0,0.3585234
COCCOc1ccc(cc1)c2cc3ccoc3c(c2)OC,0,0.113050535
Cc1cc(c2c(c1c3ccc(cc3)OCCOC)cc[nH]2)F,0,0.019570107
Cc1ccc(c(c1)c2ccc(cc2)OCCOC)SC,0,0.04371884
CCOc1cc(ccc1C)c2ccc(cc2)OCCOC,0,0.008987055
CCOc1cc(ccc1c2ccc(cc2)OCCOC)C,0,0.0100076925
Cc1cc(cc2c1[nH]cc2)c3ccc(cc3)OCCOC,0,0.05034781
CC1(COc2c1cc(cc2)c3ccc(cc3)OCCOC)C,0,0.050627306
COCCOc1ccc(cc1)c2cc3ccncc3cc2F,0,0.08425679
Cc1cc(c(c(c1)c2ccc(cc2)OCCOC)OC)C,0,0.029212289
Cc1ccc(cc1SC)c2ccc(cc2)OCCOC,0,0.013351769
COCCOc1ccc(cc1)c2ccc(c(c2)SC)F,0,0.04658944
Cc1ccc2c(c1)cc(cn2)c3ccc(cc3)OCCOC,0,0.22755621
Cc1ccc2c(ccnc2c1)c3ccc(cc3)OCCOC,0,0.32599843
COCCOc1ccc(cc1)c2cc(cc(c2)F)C=C,0,0.027310938
Cc1cc(c(cc1C)F)c2ccc(cc2)OCCOC,0,0.025536027
Cc1cccc2c1nc(cc2)c3cnn(c3)c4ccccc4,0,0.3324706
Cc1cn(c2c1cc(cc2)c3ccc(cc3)OCCOC)C,0,0.138521
CCn1ccc2c1ccc(c2)c3ccc(cc3)OCCOC,1,0.5049162
Cc1cc2cc(ccc2cn1)c3ccc(cc3)OCCOC,0,0.22265989
CCOc1ccc(c(c1)c2ccc(cc2)OCCOC)C,0,0.015092654
Cc1cc2ccc(cc2nc1)c3ccc(cc3)OCCOC,0,0.2651941
c1ccc(cc1)n2cc(cn2)c3ccc4ccccc4n3,0,0.1471162
Cc1cc2c(cccc2n1C)c3ccc(cc3)OCCOC,0,0.18181376
COCCOc1ccc(cc1)c2cc3ccoc3c(c2)F,0,0.0984888
Cc1cc(c(cc1C)OC)c2ccc(cc2)OCCOC,0,0.009943857
Cc1cc(ccc1SC)c2ccc(cc2)OCCOC,0,0.011748127
Cc1ccc2c(c1)ccc(n2)c3cnn(c3)c4ccccc4,0,0.29693523
Cc1c(c2ccccc2cn1)c3ccc(cc3)OCCOC,0,0.12981912
COCCOc1ccc(cc1)c2ccc3cc(ccc3c2)N,0,0.11963224
Cc1c2ccccc2c(cn1)c3ccc(cc3)OCCOC,0,0.21088892
c1ccc(cc1)n2cc(cn2)c3c4ccsc4ccn3,1,0.6203944
Cc1c[nH]c2c1cc(cc2)c3cnn(c3)c4ccccc4,0,0.24557288
c1ccc(cc1)n2cc(cn2)c3cccc(c3)c4ncco4,0,0.24547425
Cc1cncc2c1c(ccc2)c3cnn(c3)c4ccccc4,0,0.43082452
COc1ccc(c2c1cc[nH]2)c3cnn(c3)c4ccccc4,0,0.097425714
CC(C)Oc1ccc(cc1c2cnn(c2)c3ccccc3)F,0,0.05571784
c1ccc(cc1)n2cc(cn2)c3ccccc3OC(F)F,0,0.101172715
c1ccc(cc1)n2cc(cn2)c3ccc(cc3)OC(F)F,0,0.122022614
c1ccc(cc1)n2cc(cn2)c3ccc4c(c3F)cc[nH]4,0,0.039209303
CC(C)Oc1ccc(cc1F)c2cnn(c2)c3ccccc3,0,0.046208974
c1ccc(cc1)n2cc(cn2)c3ccc4c(c3)scn4,0,0.27563098
Cc1ccc2c(c1c3cnn(c3)c4ccccc4)cc[nH]2,0,0.48422188
CC(C)Oc1ccc(cc1)c2cnn(c2)c3ccccc3,0,0.030350614
Cc1ccc2cc(ccc2n1)c3cnn(c3)c4ccccc4,0,0.30665785
CC(C)(c1ccnc(c1)c2cnn(c2)c3ccccc3)F,0,0.12434645
c1ccc(cc1)n2cc(cn2)c3cc(c(c(c3F)F)F)F,0,0.07723017
c1ccc(cc1)n2cc(cn2)c3ccc(cc3)c4ccno4,0,0.21610816
c1ccc(cc1)n2cc(cn2)c3cccc4c3ccnc4,0,0.06992485
c1ccc(cc1)n2cc(cn2)c3cccc4c3cccn4,0,0.0801992
c1ccc(cc1)n2cc(cn2)c3cccc(c3)c4cnco4,0,0.23406921
c1ccc(cc1)n2cc(cn2)c3ccc4ccncc4c3,0,0.16668367
c1ccc(cc1)n2cc(cn2)c3cccc4c3occ4,0,0.08457523
c1ccc(cc1)n2cc(cn2)c3cc4cccnc4cc3F,0,0.30609855
c1ccc(cc1)n2cc(cn2)c3cc4cc[nH]c4c(c3)F,0,0.05619694
c1ccc(cc1)n2cc(cn2)c3cccc(c3)C(F)F,0,0.32423177
c1ccc(cc1)n2cc(cn2)c3ccc(c4c3occ4)F,0,0.2816257
Cc1cc(c(cc1F)F)c2cnn(c2)c3ccccc3,0,0.0969098
c1ccc(cc1)n2cc(cn2)c3cncc4c3cccc4,0,0.10191492
c1ccc(cc1)n2cc(cn2)c3ccccc3C(F)F,0,0.15186632
Cc1cc(cc(c1c2cnn(c2)c3ccccc3)C)F,0,0.1517102
c1ccc(cc1)n2cc(cn2)c3cc4ccc(cc4nc3)F,0,0.3083608
c1ccc(cc1)n2cc(cn2)c3ccc(c4c3[nH]cc4)F,0,0.10825336
c1ccc(cc1)n2cc(cn2)c3cccc4c3cncc4,0,0.074476816
c1ccc(cc1)n2cc(cn2)c3ccc(cc3)CF,0,0.10434419
Cc1ccc2cncc(c2c1)c3cnn(c3)c4ccccc4,0,0.37858275
CSc1ccccc1c2cnn(c2)c3ccccc3,0,0.05609877
c1ccc(cc1)n2cc(cn2)c3ccc4cccnc4c3,0,0.16014066
c1ccc(cc1)n2cc(cn2)c3cccc(c3)OC4CC4,0,0.08208235
Cc1cc(cc(c1c2cnn(c2)c3ccccc3)C)OC,0,0.11245206
c1ccc(cc1)n2cc(cn2)c3cc4cccnc4c(c3)F,0,0.43162256
c1ccc(cc1)n2cc(cn2)c3ccccc3c4ncco4,0,0.093351975
Cc1cc(c(c(c1)C)c2cnn(c2)c3ccccc3)C,0,0.24658416
CC(C)(C)c1ccc(nc1)c2cnn(c2)c3ccccc3,0,0.05588817
c1ccc(cc1)n2cc(cn2)c3c4c(ccn3)ccs4,0,0.14749107
Cc1cc2ccccc2nc1c3cnn(c3)c4ccccc4,0,0.3375364
Cc1cc2ccccc2c(n1)c3cnn(c3)c4ccccc4,0,0.3253349
Cc1ccc2cc(ncc2c1)c3cnn(c3)c4ccccc4,0,0.39136294
Cc1cccc2c1ccnc2c3cnn(c3)c4ccccc4,0,0.40510178
Cc1c(c(ccc1c2cnn(c2)c3ccccc3)OC)C,0,0.09508292
c1ccc(cc1)n2cc(cn2)c3cccc4c3cc[nH]4,0,0.025586542
c1ccc(cc1)n2cc(cn2)c3c(c(cc(c3F)F)F)F,0,0.06030817
c1ccc(cc1)n2cc(cn2)c3ccc4c(c3)cccn4,0,0.17952873
c1ccc(cc1)n2cc(cn2)c3ccc(c4c3cc[nH]4)F,0,0.08836242
Cc1nc2ccc(cc2s1)c3cnn(c3)c4ccccc4,0,0.42018926
c1ccc(cc1)n2cc(cn2)c3ccc(cc3)C(F)F,0,0.2947582
c1ccc(cc1)n2cc(cn2)c3ccc(cc3)c4ccon4,0,0.17303523
c1ccc(cc1)n2cc(cn2)c3ccccc3c4cnco4,0,0.08230751
c1ccc(cc1)n2cc(cn2)c3cc4c(cc[nH]4)cc3F,0,0.048792683
c1ccc(cc1)n2cc(cn2)c3cc(cc4c3[nH]cc4)F,0,0.10728305
c1ccc(cc1)n2cc(cn2)c3cccc(c3)OC(F)F,0,0.12853934
c1ccc(cc1)n2cc(cn2)c3cc(cc4c3cc[nH]4)F,0,0.087042645
c1ccc(cc1)n2cc(cn2)c3ccc(cc3)C4=NCCC4,0,0.017896507
CCc1cc(ccc1c2cnn(c2)c3ccccc3)OC,0,0.37360334
c1ccc(cc1)n2cc(cn2)c3ccc4cccc(c4n3)F,0,0.23622957
c1ccc(cc1)n2cc(cn2)c3c4cccc(c4ccn3)F,0,0.24848853
c1ccc(cc1)n2cc(cn2)c3ccc4cc(ccc4n3)F,0,0.22638597
CC(C)(C)c1ccnc(c1)c2cnn(c2)c3ccccc3,0,0.05162136
c1ccc(cc1)n2cc(cn2)c3ccc4c(n3)ccs4,0,0.18392195
c1ccc(cc1)n2cc(cn2)c3cc4ccsc4cn3,0,0.49004817
CC(C)(C)Oc1cccc(n1)c2cnn(c2)c3ccccc3,0,0.043299627
c1ccc(cc1)n2cc(cn2)c3ccc4cc[nH]c4c3,0,0.02518676
c1ccc(cc1)n2cc(cn2)c3c4cc(ccc4ccn3)F,0,0.20697744
CSc1cccc(c1)c2cnn(c2)c3ccccc3,0,0.08024156
Cc1nc2cc(ccc2s1)c3cnn(c3)c4ccccc4,0,0.4121101
CCc1cc2c(o1)ccnc2c3cnn(c3)c4ccccc4,0,0.35062084
CC(C)c1ccc(nc1)c2cnn(c2)c3ccccc3,0,0.08769168
CC(C)Oc1cccc(c1)c2cnn(c2)c3ccccc3,0,0.03424587
c1ccc(cc1)n2cc(cn2)c3ccc4c(c3)cco4,0,0.16660377
c1ccc(cc1)n2cc(cn2)c3ccc(cc3)c4cnco4,0,0.22875181
c1ccc(cc1)n2cc(cn2)c3cccc4c3[nH]cc4,0,0.03719085
c1ccc(cc1)n2cc(cn2)c3cccc4c3ncs4,0,0.059514105
CCc1nc2cc(ccc2o1)c3cnn(c3)c4ccccc4,0,0.30634865
c1ccc(cc1)n2cc(cn2)c3c4ccccc4c(cn3)F,0,0.31109855
CSc1ccc(cc1)c2cnn(c2)c3ccccc3,0,0.073975205
c1ccc(cc1)n2cc(cn2)c3ccc4cnccc4c3,0,0.17430328
CCSc1ccnc(c1)c2cnn(c2)c3ccccc3,0,0.09642028
c1ccc(cc1)n2cc(cn2)c3ccc4c(c3)ncs4,0,0.13174225
c1ccc(cc1)n2cc(cn2)c3ccc4ccc(cc4n3)F,0,0.23222417
Cc1cnc(c2c1cccc2)c3cnn(c3)c4ccccc4,0,0.34826198
Cc1cc2c(s1)ccnc2c3cnn(c3)c4ccccc4,1,0.58725965
c1ccc(cc1)n2cc(cn2)c3cc4ccccc4cn3,0,0.18919937
Cc1ccc(c2c1nc(c(c2)C)c3cnc(cc3C)OC)F,0,0.1922773
Cc1cc(ncc1c2c(cccn2)c3ccccc3)OC,0,0.12780154
c1ccc(cc1)n2cc(cn2)c3cc4ccc(cc4cn3)F,0,0.26091906
Cc1cccc2c1c(ncc2)c3cnn(c3)c4ccccc4,0,0.35855657
Cc1ccc2c(c1)ccnc2c3cnn(c3)c4ccccc4,1,0.5256521
c1ccc(cc1)n2cc(cn2)c3c4ccccc4ccn3,0,0.18656597
c1ccc(cc1)n2cc(cn2)c3cc4cc(ccc4cn3)F,0,0.24342687
CC(C)c1cccc(n1)c2cnn(c2)c3ccccc3,0,0.06997543
Cc1cc(c2c(c1)ccc(n2)c3cnc(cc3C)OC)C,0,0.24380568
Cc1ccc2ccnc(c2c1)c3cnn(c3)c4ccccc4,0,0.37200084
c1ccc(cc1)n2cc(cn2)c3c4ccc(cc4ccn3)F,0,0.22809903
Cc1csc2c1nc(cc2)c3cnn(c3)c4ccccc4,0,0.34588417
Cc1cc(ncc1c2cc(ccn2)c3cccs3)OC,0,0.078345045
Cc1ccc(cc1)c2ccnc(c2)c3cnc(cc3C)OC,0,0.47891295
CC1(Oc2ccc(cc2O1)c3cnn(c3)c4ccccc4)C,0,0.31750998
c1ccc(cc1)n2cc(cn2)c3cc4c(cccc4F)nc3,0,0.10352796
Cc1nc2cccc(c2s1)c3cnn(c3)c4ccccc4,0,0.42901647
Cc1c[nH]c2c1c(ccc2)c3cnn(c3)c4ccccc4,0,0.24537183
c1ccc(cc1)n2cc(cn2)c3cccc4c3c(c[nH]4)F,0,0.09110677
Cc1cc2c(cc[nH]2)cc1c3cnn(c3)c4ccccc4,0,0.18254872
c1ccc(cc1)n2cc(cn2)c3ccccc3C4CC4,0,0.059538435
c1ccc(cc1)n2cc(cn2)c3cncc4c3cccc4F,0,0.26030698
Cc1c(ccc(c1F)c2cnn(c2)c3ccccc3)F,0,0.1879746
c1ccc(cc1)n2cc(cn2)c3cccc4c3ncc(c4)F,0,0.412555
c1ccc(cc1)n2cc(cn2)c3ccc(c4c3nccc4)F,0,0.39988974
CCOCc1ccc(cc1)c2cnn(c2)c3ccccc3,0,0.092857905
C=Cc1ccc(cc1c2cnn(c2)c3ccccc3)F,0,0.19292916
COc1cc2cc[nH]c2cc1c3cnn(c3)c4ccccc4,0,0.17056943
c1ccc(cc1)n2cc(cn2)c3c(ccc4c3nccc4)F,0,0.3863277
c1ccc(cc1)n2cc(cn2)c3ccccc3OC4CC4,0,0.03993152
Cc1ccc2c(cccc2n1)c3cnn(c3)c4ccccc4,0,0.30247712
COc1ccc2c(c1c3cnn(c3)c4ccccc4)cc[nH]2,0,0.34701446
c1ccc(cc1)n2cc(cn2)c3cc4cc[nH]c4cc3F,0,0.03839496
c1ccc(cc1)n2cc(cn2)c3ccc(cc3)N4CCCC4,0,0.04237432
Cc1cc(ncc1c2c(ncc(n2)C(C)C)C(C)C)OC,0,0.32814312
Cc1ccc2c(cc(nc2c1)c3cnc(cc3C)OC)C,0,0.2835537
c1ccc(cc1)n2cc(cn2)c3cc4cc(ccc4nc3)F,0,0.28908646
Cc1ccc(c2c1cccn2)c3cnn(c3)c4ccccc4,0,0.22099131
c1ccc(cc1)n2cc(cn2)c3ccc4c(c3)C=CC4,0,0.10677836
Cc1cc2cccnc2c(c1)c3cnn(c3)c4ccccc4,0,0.40159407
c1ccc(cc1)n2cc(cn2)c3ccc4c(c3)CC=C4,0,0.12114773
c1ccc(cc1)n2cc(cn2)c3ccc4ccoc4c3,0,0.1255847
Cc1nc2c(cccc2s1)c3cnn(c3)c4ccccc4,0,0.4061849
c1ccc(cc1)n2cc(cn2)c3ccccc3OC4CCC4,0,0.04035958
Cc1cc(c2c(c1c3cnn(c3)c4ccccc4)cc[nH]2)F,0,0.1065045
Cc1ccc(c2c1nccc2)c3cnn(c3)c4ccccc4,0,0.32404506
CC(C)Oc1ccccc1c2cnn(c2)c3ccccc3,0,0.021518353
CCOc1cccc(c1c2cnn(c2)c3ccccc3)F,0,0.11638115
CSc1cc(cc(c1)F)c2cnn(c2)c3ccccc3,0,0.092433356
COc1cc(cc2c1occ2)c3cnn(c3)c4ccccc4,0,0.18983442
CC(C)(C)c1cc(ccn1)c2cnn(c2)c3ccccc3,0,0.03851714
CSCc1cccc(c1)c2cnn(c2)c3ccccc3,0,0.12598667
c1ccc(cc1)n2cc(cn2)c3ccc(cc3)OC4CC4,0,0.08499576
Cc1cc(cnc1OC(C)C)c2cnn(c2)c3ccccc3,0,0.05810446
CSc1ccc(cc1c2cnn(c2)c3ccccc3)F,0,0.15828405
Cc1ccc(c2c1cc[nH]2)c3cnn(c3)c4ccccc4,0,0.12135167
Cc1ccnc2c1cc(cc2)c3cnn(c3)c4ccccc4,0,0.42344257
Cc1cc(cc(c1F)F)c2cnn(c2)c3ccccc3,0,0.099900335
COc1cc(c2cc[nH]c2c1)c3cnn(c3)c4ccccc4,0,0.1416916
CO/C=C/c1ccc(cc1)c2cnn(c2)c3ccccc3,0,0.09890094
Cc1c(c(ccc1c2cnn(c2)c3ccccc3)F)C,0,0.08154484
Cc1ccc(c2c1[nH]cc2)c3cnn(c3)c4ccccc4,0,0.13305858
c1ccc(cc1)n2cc(cn2)c3cc4c(cc[nH]4)c(c3)F,0,0.0629396
Cc1ccc2cccnc2c1c3cnn(c3)c4ccccc4,0,0.40922314
Cc1cc2ccc(cc2[nH]1)c3cnn(c3)c4ccccc4,0,0.13914621
Cc1cc(ncc1c2c3cc(ccc3ncn2)C(C)C)OC,0,0.48656195
Cc1cc(c2cccnc2c1)c3cnn(c3)c4ccccc4,0,0.3306705
c1ccc(cc1)n2cc(cn2)c3cncc4c3ccc(c4)F,0,0.39536515
CC(C)(C)c1cccc(n1)c2cnn(c2)c3ccccc3,0,0.05041336
Cc1cc(c(nc1)OC(C)C)c2cnn(c2)c3ccccc3,0,0.063688986
c1ccc(cc1)n2cc(cn2)c3ccc4c(c3)csn4,0,0.16213757
c1ccc(cc1)n2cc(cn2)c3cccc(c3)N4CCCC4,0,0.04323085
Cc1c(ccc2c1[nH]cc2)c3cnn(c3)c4ccccc4,0,0.1301437
Cc1cc(c(cc1c2cnn(c2)c3ccccc3)F)F,0,0.099368244
Cc1c(ccc(n1)OC(C)C)c2cnn(c2)c3ccccc3,0,0.054560073
c1ccc(cc1)n2cc(cn2)c3cccc(c3)OC4CCC4,0,0.076745406
COc1cc(cc2c1cc[nH]2)c3cnn(c3)c4ccccc4,0,0.09688844
Cc1cc2c(cccc2[nH]1)c3cnn(c3)c4ccccc4,0,0.13290022
c1ccc(cc1)n2cc(cn2)c3ccc(c4c3ccnc4)F,0,0.39612427
CC(C)(C)c1ccc(cn1)c2cnn(c2)c3ccccc3,0,0.045155387
c1ccc(cc1)n2cc(cn2)c3cc4cccc(c4nc3)F,0,0.32268837
c1ccc(cc1)n2cc(cn2)c3ccc(c4c3cccn4)F,0,0.38161156
Cc1c(c(cc(c1F)F)c2cnn(c2)c3ccccc3)F,0,0.22877137
Cc1c(cc(cc1F)c2cnn(c2)c3ccccc3)F,0,0.18085332
Cc1ccc2cnccc2c1c3cnn(c3)c4ccccc4,0,0.41772154
Cc1ccc2ccc(cc2n1)c3cnn(c3)c4ccccc4,0,0.31005803
Cc1ccc2c(c1)c(ccn2)c3cnn(c3)c4ccccc4,0,0.26136297
Cc1c(ccc2c1nccc2)c3cnn(c3)c4ccccc4,0,0.3287933
CCOc1cc(ccc1F)c2cnn(c2)c3ccccc3,0,0.06262067
Cc1cccc2c1nccc2c3cnn(c3)c4ccccc4,0,0.3726884
c1ccc(cc1)n2cc(cn2)c3cc(cc4c3nccc4)F,0,0.39658958
CC(C)c1ccc(cn1)c2cnn(c2)c3ccccc3,0,0.064618245
Cc1cc(cc2c1nccc2)c3cnn(c3)c4ccccc4,0,0.334686
Cc1cc2c(cccn2)cc1c3cnn(c3)c4ccccc4,0,0.2645362
CCOc1cc(cc(c1)F)c2cnn(c2)c3ccccc3,0,0.069946945
Cc1cc(cc(c1c2cnn(c2)c3ccccc3)C)N(C)C,0,0.31241444
c1ccc(cc1)n2cc(cn2)c3cc4cnccc4cc3F,0,0.3133651
c1ccc(cc1)n2cc(cn2)c3ccc4csnc4c3,0,0.40849018
c1ccc(cc1)n2cc(cn2)c3cccc4c3CC=C4,0,0.08247873
c1ccc(cc1)n2cc(cn2)c3ccnc4c3cccc4F,0,0.25921252
c1ccc(cc1)n2cc(cn2)c3cccc4c3scn4,0,0.10736326
c1ccc(cc1)n2cc(cn2)c3ccc4cc(cnc4c3)F,0,0.349509
c1ccc(cc1)n2cc(cn2)c3ccc4cnsc4c3,0,0.49475393
c1ccc(cc1)n2cc(cn2)c3cccc4c3cco4,0,0.07012944
Cc1cc(c2cc[nH]c2c1)c3cnn(c3)c4ccccc4,0,0.17218043
Cc1cc(ncc1c2cc(nc(n2)C)C3CCCCC3)OC,0,0.39064413
Cc1cc(ncc1c2cc(nc(n2)C(C)(C)C)C(C)C)OC,0,0.2050016
Cc1cc(ncc1c2cc(nc(n2)C(C)C)C(C)(C)C)OC,0,0.23103955
Cc1c[nH]c2c1ccc(c2)c3cnn(c3)c4ccccc4,0,0.242381
Cc1cc(ncc1c2cc(nc(n2)C(C)C)C(C)C)OC,0,0.2909671
c1ccc(cc1)n2cc(cn2)c3ccnc4c3cc(cc4)F,0,0.3918001
Cc1c[nH]c2c1cccc2c3cnn(c3)c4ccccc4,0,0.23533718
CC(C)(C)Oc1ccc(nc1)c2cnn(c2)c3ccccc3,0,0.042797018
c1ccc(cc1)n2cc(cn2)c3ccc4c(c3)cc(cn4)F,0,0.4305641
c1ccc(cc1)n2cc(cn2)c3ccc(cc3)c4ncco4,0,0.24064948
Cc1cc(c(cc1F)c2cnn(c2)c3ccccc3)F,0,0.19152294
Cc1cc(c2ccccc2n1)c3cnn(c3)c4ccccc4,0,0.27130058
Cc1ccnc2c1ccc(c2)c3cnn(c3)c4ccccc4,0,0.4104126
Cc1cncc2c1cccc2c3cnn(c3)c4ccccc4,0,0.46042153
Cc1c(ccc(c1F)F)c2cnn(c2)c3ccccc3,0,0.0953442
COc1ccc(c2c1[nH]cc2)c3cnn(c3)c4ccccc4,0,0.10395414
c1ccc(cc1)n2cc(cn2)c3c4c(cccc4F)ccn3,0,0.15018727
Cn1ccc2c1ccc(c2)c3cnn(c3)c4ccccc4,0,0.3236959
CSc1ccc(c(c1)F)c2cnn(c2)c3ccccc3,0,0.096127264
Cc1cc2cc[nH]c2cc1c3cnn(c3)c4ccccc4,0,0.20199499
CCOc1ccc(c(c1)C)c2cnn(c2)c3ccccc3,0,0.058100898
Cc1cc2cc(ccc2[nH]1)c3cnn(c3)c4ccccc4,0,0.13594982
c1ccc(cc1)n2cc(cn2)c3ccc(cc3)OC4CCC4,0,0.08067924
Cc1c([nH]c2c1cc(cn2)c3cnn(c3)c4ccccc4)C,0,0.41716948
CC(C)Oc1cc(ccc1c2cnn(c2)c3ccccc3)F,0,0.050548702
CSc1ccc(cc1F)c2cnn(c2)c3ccccc3,0,0.06759498
c1ccc(cc1)n2cc(cn2)c3cc(cc(c3)[S-])[S-],1,0.50234026
CC(C)Sc1ccc(cn1)c2cnn(c2)c3ccccc3,0,0.051659796
CCOc1ccc(c(c1)c2cnn(c2)c3ccccc3)C,0,0.14234996
Cc1ccc2c(ccnc2c1)c3cnn(c3)c4ccccc4,0,0.3980357
Cc1cc(c(cc1C)OC)c2cnn(c2)c3ccccc3,0,0.046814885
c1ccc(cc1)n2cc(cn2)c3cc4ccsc4nc3,0,0.49776638
C=Cc1cc(cc(c1)F)c2cnn(c2)c3ccccc3,0,0.10430335
Cc1cc2cc(ccc2cn1)c3cnn(c3)c4ccccc4,0,0.30646303
Cc1cc(cc(c1c2cnn(c2)c3ccccc3)C)COC,0,0.12410245
c1ccc(cc1)n2cc(cn2)c3cc4ccoc4c(c3)F,0,0.25533518
Cc1cc2ccc(cc2nc1)c3cnn(c3)c4ccccc4,0,0.34990188
CCOc1ccc(cc1c2cnn(c2)c3ccccc3)F,0,0.0982042
CSc1cccc(c1F)c2cnn(c2)c3ccccc3,0,0.07209359
Cc1c2ccccc2c(cn1)c3cnn(c3)c4ccccc4,0,0.3036604
c1ccc(cc1)n2cc(cn2)c3ccc4cc(ccc4c3)N,0,0.14786017
CC(C)(C)Oc1ccnc(c1)c2cnn(c2)c3ccccc3,0,0.0397669
Cc1c(c2ccccc2cn1)c3cnn(c3)c4ccccc4,0,0.26871032
CCOc1ccc(cc1c2cnn(c2)c3ccccc3)C,0,0.10744994
Cc1cc(cc2c1[nH]cc2)c3cnn(c3)c4ccccc4,0,0.13277817
Cc1c(cncc1C2CC2)c3cnn(c3)c4ccccc4,0,0.39398742
CCCOc1ccc(cc1c2cnn(c2)c3ccccc3)F,0,0.30765322
CCOc1cc(ccc1c2cnn(c2)c3ccccc3)F,0,0.08099204
CC(C)Oc1c(cccc1F)c2cnn(c2)c3ccccc3,0,0.039971173
CC(C)Oc1cccc(c1F)c2cnn(c2)c3ccccc3,0,0.049366463
C=Cc1cc(ccc1c2cnn(c2)c3ccccc3)F,0,0.1635371
CSc1c(cccc1F)c2cnn(c2)c3ccccc3,0,0.060334384
COc1ccc(cc1SC)c2cnn(c2)c3ccccc3,0,0.038838305
CCOc1c(cccc1F)c2cnn(c2)c3ccccc3,0,0.055557746
Cc1cc(ncc1c2cnn(c2)c3ccccc3)OC(C)C,0,0.46405625
CC(C)Oc1cc(ccc1F)c2cnn(c2)c3ccccc3,0,0.04312699
Cc1cc(cc2c1cc[nH]2)c3cnn(c3)c4ccccc4,0,0.11958518
CCOc1ccc(cc1F)c2cnn(c2)c3ccccc3,0,0.07021427
CCOc1cc(ccc1c2cnn(c2)c3ccccc3)C,0,0.08696475
c1ccc(cc1)n2cc(cn2)c3cc4ccncc4cc3F,0,0.3125628
Cc1cc(c(c(c1)c2cnn(c2)c3ccccc3)OC)C,0,0.1572329
CCCOc1cc(ccc1c2cnn(c2)c3ccccc3)F,0,0.24001066
c1ccc(cc1)n2cc(cn2)c3cccc(c3)C4=NCCC4,0,0.017661836
CSc1cc(ccc1F)c2cnn(c2)c3ccccc3,0,0.06354125
C=COc1ccc(cc1)c2cnn(c2)c3ccccc3,0,0.054258004
CCOc1ccc(c(c1)F)c2cnn(c2)c3ccccc3,0,0.07505342
Cc1c(ccc(c1c2cnn(c2)c3ccccc3)F)F,0,0.10195349
Cc1ccc2c(c1)cc(cn2)c3cnn(c3)c4ccccc4,0,0.28804305
Cc1cc(ncc1c2ccc(cc2)CC(F)(F)F)OC,0,0.17668603
Cc1ccc(cc1c2cnc(cc2C)OC)OC(C)C,0,0.04430617
Cc1cc(ncc1c2ccnc(c2)Oc3ccccc3)OC,0,0.10369386
Cc1cc(ncc1c2cccnc2Oc3ccccc3)OC,0,0.18242748
Cc1cc(ncc1c2cc(cnc2F)c3ccccc3)OC,0,0.28112665
Cc1cc(ncc1c2cc(c(c(c2)F)OC(C)C)F)OC,0,0.06608507
Cc1cc(ncc1c2cccc3c2cccc3OC)OC,0,0.21081913
CCCOc1c(cc(cc1F)c2cnc(cc2C)OC)F,0,0.05221099
CCCn1c(cc(n1)C)c2c3ccccc3cc(n2)C,0,0.38333088
CCCn1c(cc(n1)C)c2ccc3cc(cc(c3n2)F)F,0,0.17854054
CCCn1c(cc(n1)C)c2nc(cc(n2)c3ccccc3)C,0,0.19671111
CCCn1c(cc(n1)C)c2cc(c3ccc(cc3n2)OC)C,0,0.14777806
CCCn1c(cc(n1)C)c2ccc3cc(ccc3n2)C,0,0.2171595
CCCn1c(cc(n1)C)c2ccc3cccc(c3n2)C,0,0.28931275
Cc1cc(c(c(c1C)c2cnc(cc2C)OC)C)C,0,0.057879113
Cc1cc(ncc1c2c(cccc2F)C(F)(F)F)OC,0,0.06731988
CCCn1c(cc(n1)C)c2cc(nc(n2)C)c3ccccc3,0,0.13096847
Cc1cc(ncc1c2cc3c(c[nH]c3nc2)C(C)C)OC,0,0.44076785
CCCn1c(cc(n1)C)c2cc(c3cccc(c3n2)C)C,0,0.13194053
Cc1cc(ncc1c2ccc3ccccc3c2OC)OC,0,0.278985
Cc1cc(ccc1C(F)(F)F)c2cnc(cc2C)OC,0,0.081616014
Cc1cc(ncc1c2cc(cnc2)c3ccccc3)OC,0,0.29172668
Cc1cc(ncc1c2ccc(c(c2)F)C(F)(F)F)OC,0,0.0911345
Cc1cc(ncc1c2ccccc2C[NH+]3CCCCC3)OC,0,0.022585459
Cc1ccc(cc1c2cnc(cc2C)OC)C(F)(F)F,0,0.05963438
Cc1cc(ncc1c2ccc(cc2C(F)(F)F)OC)OC,0,0.048432227
CCCn1c(cc(n1)C)c2c(cc3cc(ccc3n2)OC)C,0,0.11851958
CCCn1c(cc(n1)C)c2ccc3c(n2)c(cs3)C,0,0.3393707
CCCn1c(cc(n1)C)c2c3cccc(c3ccn2)C,0,0.30192626
Cc1ccc(c(c1)C(F)(F)F)c2cnc(cc2C)OC,0,0.11608913
CCCn1c(cc(n1)C)c2c3ccccc3c(cn2)C,0,0.3064285
Cc1cc(ncc1c2cccc(c2C(F)(F)F)F)OC,0,0.054577008
CCCn1c(cc(n1)C)c2c(cccn2)c3ccccc3,0,0.058613602
CCCn1c(cc(n1)C)c2cc(c3cc(ccc3n2)OC)C,0,0.13126262
CCCn1c(cc(n1)C)c2ccc(cn2)c3ccccc3,0,0.10294657
CCSc1ccc(cc1)c2cnc(cc2C)OC,0,0.026228964
Cc1cc(ncc1c2ccc(cc2)C(C)(F)F)OC,0,0.12631501
CCCn1c(cc(n1)C)c2cc(c3ccccc3n2)C,0,0.11603717
CCCn1c(cc(n1)C)c2cc(nc(n2)c3ccccc3)C,0,0.24983662
CCCn1c(cc(n1)C)c2c3cc(ccc3ccn2)C,0,0.24818318
CCCn1c(cc(n1)C)c2cc(ccn2)c3cccs3,0,0.08956324
Cc1cc(ncc1c2cc(cnc2)c3ccc(cc3)F)OC,0,0.35028556
Cc1cc(ncc1c2cccc3c2CC(=C3)C)OC,1,0.6142397
Cc1cc(ncc1c2cc(cc(c2)OC)C(F)(F)F)OC,0,0.06896426
CCCCOc1cc(ccc1c2cnc(cc2C)OC)F,0,0.10074531
Cc1cc(ncc1c2ccc3cc(ccc3c2)F)OC,0,0.13494244
CCCn1c(cc(n1)C)c2cc(ccn2)c3ccccc3,0,0.07941005
Cc1cc(ncc1c2ccc3c(c2)ccs3)OC,0,0.17279562
Cc1ccc(c(c1)c2cnc(cc2C)OC)C(F)(F)F,0,0.10837194
Cc1ccc(cc1C(F)(F)F)c2cnc(cc2C)OC,0,0.08500488
CCCn1c(cc(n1)C)c2c(cc3ccccc3n2)C,0,0.100860745
CCCn1c(cc(n1)C)c2c3ccc(cc3ccn2)C,0,0.2769211
Cc1cc(ncc1c2ccc3ccsc3c2)OC,0,0.16855724
CCCn1c(cc(n1)C)c2c3cc(sc3ccn2)C,1,0.6090829
CCCn1c(cc(n1)C)c2cc3ccc(cc3cn2)C,0,0.2924312
Cc1cc(ncc1c2cccc(c2C)C(F)(F)F)OC,0,0.1306801
Cc1cccc(c1C(F)(F)F)c2cnc(cc2C)OC,0,0.08923498
Cc1cc(cc(c1)C(F)(F)F)c2cnc(cc2C)OC,0,0.110123016
Cc1cc(ccc1c2cnc(cc2C)OC)OC(F)(F)F,0,0.037246574
Cc1cc(ncc1c2ccc(cc2OC)C(F)(F)F)OC,0,0.0714874
CCCn1c(cc(n1)C)c2ccc(nn2)c3cccc(c3)C,0,0.3765849
CCCn1c(cc(n1)C)c2c3cc(ccc3ncn2)C(C)C,0,0.30237973
CCCn1c(cc(n1)C)c2ccc3c(n2)cc([nH]3)C4CC4,0,0.10612127
CCCn1c(cc(n1)C)c2c(ncc(n2)C(C)C)C(C)C,0,0.1591697
CCCn1c(cc(n1)C)c2cc(nc(n2)C)C3CCCCC3,0,0.22798407
CCCn1c(cc(n1)C)c2cc(c3ccc(cc3n2)C)C,0,0.10494071
CCCn1c(cc(n1)C)c2ccc(nn2)c3ccccc3C,0,0.23923382
CCCn1c(cc(n1)C)c2ccc(nn2)c3ccc(cc3)C,0,0.34373954
CCCn1c(cc(n1)C)c2cccnc2Oc3ccccc3,0,0.0690902
CCCn1c(cc(n1)C)c2c(cccc2F)C(F)(F)F,0,0.25070262
CCCn1c(cc(n1)C)c2cc(c(c(c2)F)OC(C)C)F,0,0.16038448
CCCn1c(cc(n1)C)c2cccc(c2F)C(F)(F)F,1,0.52017075
CCCn1c(cc(n1)C)c2ccc3cc(cc(c3n2)C)C,0,0.3006562
CCCn1c(cc(n1)C)c2ccc(cc2C(F)(F)F)F,0,0.27396712
CCCn1c(cc(n1)C)c2ccc3c(c2)sc(n3)C,1,0.7149554
CCCn1c(cc(n1)C)c2cc(cnc2F)c3ccccc3,0,0.15939735
CCCn1c(cc(n1)C)c2ccc(cc2C(F)(F)F)OC,0,0.30359885
CCCn1c(cc(n1)C)c2cccc3c2scc3,0,0.14143854
CCCn1c(cc(n1)C)c2cc3c(c[nH]c3nc2)C(C)C,0,0.31479096
CCCn1c(cc(n1)C)c2cccc(c2)OC(C)C,0,0.2965744
CCCn1c(cc(n1)C)c2ccnc(c2)Oc3ccccc3,0,0.06812944
CCCn1c(cc(n1)C)c2ccc(c(c2)C(F)(F)F)OC,0,0.31402984
CCCn1c(cc(n1)C)c2ccc3cc(ccc3c2)OC,0,0.39175725
CCCn1c(cc(n1)C)c2ccc(cc2)CC(F)(F)F,1,0.6491238
CCCn1c(cc(n1)C)c2cccc(c2)OC(F)(F)F,0,0.26194176
CCCn1c(cc(n1)C)c2ccc(cc2F)C(F)(F)F,0,0.40702954
CCCn1c(cc(n1)C)c2ccc3ccccc3c2,1,0.52075475
CCCn1c(cc(n1)C)c2ccc(cc2)C[NH+]3CCCCC3,0,0.022616507
CCCn1c(cc(n1)C)c2cccc(c2)n3cccc3,0,0.08505817
CCCn1c(cc(n1)C)c2ccc(cc2)C(C)(F)F,1,0.5095102
CCCn1c(cc(n1)C)c2ccccc2OC(F)(F)F,0,0.24776351
CCCn1c(cc(n1)C)c2cc(ccc2C(F)(F)F)F,0,0.21041487
CCCn1c(cc(n1)C)c2cc(ccc2F)C(F)(F)F,0,0.31412765
CCCn1c(cc(n1)C)c2cc(ccc2C)OC(C)C,0,0.16745897
CCCn1c(cc(n1)C)c2ccccc2C(F)F,0,0.1458418
CCCn1c(cc(n1)C)c2ccc(cc2)C(F)F,0,0.2695014
CCCn1c(cc(n1)C)c2c(ccc3c2cc[nH]3)C,0,0.028032346
CCCn1c(cc(n1)C)c2cccc(c2)C(F)(F)F,1,0.5205376
CCCn1c(cc(n1)C)c2cc(cc(c2)F)C(F)(F)F,0,0.35007456
CCCn1c(cc(n1)C)c2ccc(cc2)OC(C)(C)C,0,0.2382682
CCCn1c(cc(n1)C)c2ccc(cc2)OC(C)C,0,0.24052934
CCCn1c(cc(n1)C)c2cccc(c2C(F)(F)F)F,0,0.35811356
CCCn1c(cc(n1)C)c2cccc3c2cccc3OC,0,0.3498149
CCCn1c(cc(n1)C)c2ccc(cc2)C3=CCOCC3,0,0.12950961
CCCn1c(cc(n1)C)c2ccc(c(c2)F)C(F)(F)F,0,0.43572956
CCCn1c(cc(n1)C)c2ccc(c(c2)C(F)(F)F)F,0,0.28407514
CCCn1c(cc(n1)C)c2ccc3c(c2)c(c[nH]3)C,0,0.15421532
CCCn1c(cc(n1)C)c2ccc(cc2)OC(F)(F)F,0,0.19855711
CCCn1c(cc(n1)C)c2cc(c(c(c2)F)OCCC)F,0,0.12354779
CCCn1c(cc(n1)C)c2ccc(cc2)c3ccccn3,0,0.17124107
CCCn1c(cc(n1)C)c2ccc(cc2)SCC,0,0.1903695
CCCn1c(cc(n1)C)c2ccccc2C[NH+]3CCCCC3,0,0.023710562
CCCn1c(cc(n1)C)c2cc(nc3c2cccc3)C,0,0.24861273
CCCn1c(cc(n1)C)c2ccc(c(c2)F)OC(C)C,0,0.2677244
CCCn1c(cc(n1)C)c2ccc(cc2)c3cccnc3,0,0.09241754
CCCn1c(cc(n1)C)c2c(ccc3c2nccc3)C,0,0.14110431
CCCn1c(cc(n1)C)c2ccc(nc2)Oc3ccccc3,0,0.07181127
CCCn1c(cc(n1)C)c2ccc3cc([nH]c3c2)C,0,0.14540383
CCCn1c(cc(n1)C)c2cccc(n2)N3CCCC[C@@H]3C,0,0.009938577
CCCn1c(cc(n1)C)c2cccc(n2)N3CCCC[C@H]3C,0,0.009269078
CCCn1c(cc(n1)C)c2ccc(c3c2cccc3)OC,0,0.25154668
CCCn1c(cc(n1)C)c2ccc(c(c2)OC(F)F)F,0,0.12862062
CCCn1c(cc(n1)C)c2ccnc(c2)c3ccccc3,0,0.13842484
CCCn1c(cc(n1)C)c2ccc(cc2C)OC(F)(F)F,0,0.2946341
CCCn1c(cc(n1)C)c2c(cc3c(c2F)cccn3)F,0,0.19885957
CCCn1c(cc(n1)C)c2ccc(nn2)c3ccc(s3)C,0,0.29717404
CCCn1c(cc(n1)C)c2c3cc[nH]c3nc(n2)[C@H](C)CC,0,0.07381203
CCCn1c(cc(n1)C)c2c3cc[nH]c3nc(n2)[C@@H](C)CC,0,0.045783408
CCCn1c(cc(n1)C)c2ccc3c(c2)nc(s3)C,0,0.38121992
CCCn1c(cc(n1)C)c2ccc(c(c2)F)SC,0,0.3585108
CCCn1c(cc(n1)C)c2ccc3c(c2)c(c([nH]3)C)C,0,0.2619646
CCCn1c(cc(n1)C)c2cc(ccc2OC(F)(F)F)C,0,0.13973597
CCCn1c(cc(n1)C)c2ccnc3c2cc(cc3)C,0,0.32985425
CCCn1c(cc(n1)C)c2cc(ccc2OC)C(F)(F)F,0,0.32111645
CCCn1c(cc(n1)C)c2c(cccc2F)OC(F)F,0,0.07457863
CCCn1c(cc(n1)C)c2cccc3c2c(cnc3)C,0,0.32599288
CCCn1c(cc(n1)C)c2cc(nc(n2)C(C)C)C(C)C,0,0.14776821
CCCn1c(cc(n1)C)c2cc(cc3c2nccc3)C,0,0.18651947
CCCn1c(cc(n1)C)c2ccc(cc2)OCCC,0,0.107795596
CCCn1c(cc(n1)C)c2cccc(c2)CSC,0,0.24682198
CCCn1c(cc(n1)C)c2ccncc2c3ccccc3,0,0.0749882
CCCn1c(cc(n1)C)c2cccc3c2nc(s3)C,0,0.23679845
CCCn1c(cc(n1)C)c2cccc3c2[nH]cc3C,0,0.13778429
CCCn1c(cc(n1)C)c2ccc3c(c2)c(ccn3)C,1,0.5073205
CCCn1c(cc(n1)C)c2ccc3ccccc3c2OC,1,0.5425411
CCCn1c(cc(n1)C)c2ccc(cc2F)OC(F)F,0,0.13024762
CCCn1c(cc(n1)C)c2cccc(c2)N3CCCCC3,0,0.10651024
CCCn1c(cc(n1)C)c2cc3c(cc[nH]3)cc2C,0,0.1836763
CCCn1c(cc(n1)C)c2cc(ccc2OC(C)C)F,0,0.2515727
CCCn1c(cc(n1)C)c2cccc(n2)c3ccccc3,0,0.15140681
CCCn1c(cc(n1)C)c2ccc(nc2)c3ccccc3,0,0.1672379
CCCn1c(cc(n1)C)c2ccc(c(c2)F)OC(F)F,0,0.15537722
CCCn1c(cc(n1)C)c2ccc(c3c2occ3)F,0,0.1973059
CCCn1c(cc(n1)C)c2cc(cnc2)c3ccccc3,0,0.10983972
CCCn1c(cc(n1)C)c2cccc3c2CC(=C3)C,1,0.7869161
CCCn1c(cc(n1)C)c2ccc3c(c2)sc(=S)[nH]3,0,0.24289712
CCCn1c(cc(n1)C)c2cc(nc(n2)c3ccsc3)C,0,0.30661508
CCCn1c(cc(n1)C)c2ccc3c(c2)cc([nH]3)C,0,0.2112462
CCCn1c(cc(n1)C)c2cc(nc3c2cccc3OC)C,0,0.3789854
CCCn1c(cc(n1)C)c2ccnc3c2cc([nH]3)C4CC4,0,0.07347609
CCCn1c(cc(n1)C)c2ccc3ccc(nc3c2)C,0,0.44189498
CCCn1c(cc(n1)C)c2cccc(c2)OC3CCC3,0,0.14027114
CCCn1c(cc(n1)C)c2cc3cccnc3cc2C,0,0.37989414
CCCn1c(cc(n1)C)c2ccccc2OC3CCC3,0,0.13884611
CCCn1c(cc(n1)C)c2ccc(c3c2nccc3)C,0,0.23749733
CCCn1c(cc(n1)C)c2c(cccc2OC)C(F)(F)F,0,0.21663257
CCCn1c(cc(n1)C)c2cc(cc3c2cccn3)C,0,0.19769876
CCCn1c(cc(n1)C)c2cccnc2c3ccccc3,0,0.07231107
CCCn1c(cc(n1)C)c2ccc3cccnc3c2C,0,0.37962782
CCCn1c(cc(n1)C)c2cc(cnc2)c3ccc(cc3)F,0,0.45719543
CCCn1c(cc(n1)C)c2ccccc2C(C)(F)F,0,0.4122576
CCCn1c(cc(n1)C)c2cc(cc(c2)OC)C(F)(F)F,0,0.23667419
CCCn1c(cc(n1)C)c2cccc(c2)C[NH+]3CCCCC3,0,0.02625994
CCCn1c(cc(n1)C)c2ccc(cc2OC(F)F)F,0,0.15572952
CCCn1c(cc(n1)C)c2cc3cc[nH]c3cc2C,0,0.18314566
CCCn1c(cc(n1)C)c2c(ccc3c2ccnc3)C,0,0.13083424
CCCn1c(cc(n1)C)c2cccc3c2c(c[nH]3)C,0,0.056620058
CCCn1c(cc(n1)C)c2ccc(c(c2)F)OCCC,0,0.14715844
CCCn1c(cc(n1)C)c2cccc(c2)C(F)F,0,0.36914083
CCCn1c(cc(n1)C)c2c3ccccc3ccc2OC,0,0.4237705
CCCn1c(cc(n1)C)c2ccccc2c3ccccn3,0,0.10202679
CCCn1c(cc(n1)C)c2c(cc(c(c2C)F)C)C,0,0.04625973
CCCn1c(cc(n1)C)c2cccc(c2)c3ccccn3,0,0.2332731
CCCn1c(cc(n1)C)c2c3c(ccn2)c4c([nH]3)CCCC4,0,0.06306564
CCCn1c(cc(n1)C)c2cc(nc(n2)c3cccs3)C,0,0.21413979
CCCn1c(cc(n1)C)c2ccc3c(c2)[nH]c(=S)s3,1,0.58748037
CCCn1c(cc(n1)C)c2ccc3c(c2)ccs3,0,0.30402493
CCCn1c(cc(n1)C)c2cc(cc(c2)F)N3CCCC3,0,0.049028765
CCCn1c(cc(n1)C)c2ccc3ccsc3c2,1,0.7327506
CCCn1c(cc(n1)C)c2ccc3c(c2)nc(o3)C4CC4,0,0.21108447
CCCn1c(cc(n1)C)c2ccc(cc2)N(CC)CC,0,0.027981112
CCCn1c(cc(n1)C)c2cncc3c2cc(cc3)C,0,0.3309612
CCCn1c(cc(n1)C)c2ccc(cc2OC)C(F)(F)F,0,0.47688055
CCCn1c(cc(n1)C)c2ccccc2OC(C)C,0,0.1694591
CCCn1c(cc(n1)C)c2cccc3c2ccs3,0,0.08132781
CCCn1c(cc(n1)C)c2ccc(cc2)OCC(F)(F)F,0,0.27770472
CCCn1c(cc(n1)C)c2c(cc(c3c2cc[nH]3)F)C,0,0.013667773
CCCn1c(cc(n1)C)c2ccc(cc2)OC3CCC3,0,0.09449241
CCCn1c(cc(n1)C)c2ccc(c3c2nccc3C)C,0,0.3641557
CCCn1c(cc(n1)C)c2ccc(cc2)c3ccnc(n3)C,0,0.48356634
CCCn1c(cc(n1)C)c2cccc3c2ccc(n3)C,0,0.44542184
CCCn1c(cc(n1)C)c2ccc3c(c2)ccc(n3)C,1,0.6011367
CCCn1c(cc(n1)C)c2ccc(cc2)C(F)(F)F,0,0.40766838
CCCn1c(cc(n1)C)c2c3c(cccc3ccn2)C,0,0.21178342
CCCn1c(cc(n1)C)c2ccc(c3c2[nH]cc3)C,0,0.099305384
CCCn1c(cc(n1)C)c2ccc3c(ccnc3c2)C,0,0.2874799
CCCn1c(cc(n1)C)c2ccc(c3c2ccc(n3)C)OC,0,0.37367296
CCCn1c(cc(n1)C)c2ccc(cc2)c3ccncc3,0,0.08953649
CCCn1c(cc(n1)C)c2cccc3c2cc([nH]3)C,0,0.066731796
CCCn1c(cc(n1)C)c2ccc(cc2F)OC(C)C,0,0.19250695
CCCn1c(cc(n1)C)c2ccc(c3c2cccn3)C,0,0.24469957
CCCn1c(cc(n1)C)c2cc(cc3c2cc[nH]3)C,0,0.035722658
CCCn1c(cc(n1)C)c2ccc3c(c[nH]c3c2)C,0,0.120264344
CCCn1c(cc(n1)C)c2ccc(cc2F)SC,0,0.18966189
CCCn1c(cc(n1)C)c2ccc(c(c2)OC)C(F)(F)F,0,0.30970088
CCCn1c(cc(n1)C)c2ccc3c(c2)[nH]c4c3cncc4,0,0.07972163
CCCn1c(cc(n1)C)c2cc(ccc2OCCC)F,0,0.13834095
CCCCOc1ccccc1c2cc(nn2CCC)C,0,0.06122725
CCCn1c(cc(n1)C)c2cc(c3c(c2)ccc(n3)C)C,0,0.4829525
CCCn1c(cc(n1)C)c2cc(cc(c2)F)C(F)F,0,0.21997897
